city,driver_count,type
Edwintown,26,Urban
New David,1,Urban
Port Coryport,66,Urban
Walshmouth,32,Urban
New Julie,57,Urban
Stevenport,3,Urban
East Brittany,66,Urban
Geraldton,62,Urban
Nicolemouth,45,Urban
Williamsfurt,66,Urban
Guyberg,24,Urban
East Jenniferside,22,Urban
West Nicholas,7,Urban
West Richard,16,Urban
Sandrahaven,19,Urban
East Benjamin,66,Urban
Port Kenneth,3,Urban
East Stephen,10,Urban
Lake Alexanderburgh,46,Urban
Terryshire,5,Urban
New Robert,42,Urban
Lake Donnafurt,32,Urban
South Matthewmouth,2,Urban
New Clayton,18,Urban
Walkerbury,34,Urban
New Mikemouth,33,Urban
South Johnbury,42,Urban
Whiteview,8,Urban
Lake Samanthabury,1,Urban
Port Robertchester,7,Urban
Royton,56,Urban
Dylanfurt,18,Urban
New Gregoryberg,54,Urban
East Jessicastad,11,Urban
South Derrick,4,Urban
South Carolyn,46,Urban
Justinshire,34,Urban
East Alyssamouth,52,Urban
New Christine,65,Urban
West Shawnhaven,53,Urban
Lake Markburgh,10,Urban
Johnsonborough,29,Urban
Lake Holly,22,Urban
West Susanburgh,15,Urban
North Andrea,4,Urban
South Catherine,10,Urban
Nicolemouth,3,Urban
Banksshire,36,Urban
New Jessicahaven,39,Urban
Port Jerome,14,Urban
New Amyborough,6,Urban
Lonniefort,28,Urban
Lake John,57,Urban
Jonesbury,46,Urban
Port Lindsey,68,Urban
East Mary,45,Urban
South Bradton,29,Urban
Barkerside,51,Urban
South Jessicaside,59,Urban
South Williamville,17,Urban
East Tylerfurt,54,Urban
Lake Sabrinaville,57,Urban
Johnland,41,Urban
Matthewstad,57,Urban
New Jessica,41,Urban
Wagnerport,18,Urban
New Deanna,26,Suburban
Lake Billyton,23,Suburban
Atkinsland,18,Suburban
Lake Jamesport,19,Suburban
East Christopher,23,Suburban
Singletonstad,10,Suburban
South Zacharymouth,22,Suburban
East Jason,12,Suburban
Pearsonfort,23,Suburban
East Andrew,10,Suburban
Kimstad,6,Suburban
East Phillipville,20,Suburban
West Mary,12,Suburban
Port Ryan,14,Suburban
Mariatown,8,Suburban
West Allisonborough,16,Suburban
Wardville,24,Suburban
South Brandonside,20,Suburban
New Leslieville,16,Suburban
New Deniseview,23,Suburban
Lake Emily,25,Suburban
Schneiderville,23,Suburban
West Jennifer,25,Suburban
Youngborough,10,Suburban
North Wesley,14,Suburban
Ashleyside,14,Suburban
North Stephaniefurt,20,Suburban
New Kylefurt,11,Suburban
South Rachelport,14,Suburban
Mclaughlintown,5,Suburban
Amyhaven,10,Suburban
Lake Michael,3,Suburban
New Laurabury,24,Suburban
North Raymondmouth,25,Suburban
West Gailville,18,Suburban
Garciaville,2,Suburban
Jamesburgh,4,Suburban
Davidhaven,21,Suburban
Emilyview,19,Suburban
North Stephanie,11,Suburban
Andrewborough,23,Suburban
New Andreabury,15,Suburban
Lake Maryland,4,Rural
West Carolyn,4,Rural
Port Felicia,8,Rural
West Dustin,3,Rural
Juliemouth,1,Rural
Francismouth,8,Rural
Stephenfort,4,Rural
North Ricardomouth,2,Rural
South Victoria,8,Rural
Evanshaven,7,Rural
Lake Jeffreyburgh,1,Rural
Sherylview,3,Rural
New Danielbury,2,Rural
Nathanside,2,Rural
Xaviershire,1,Rural
Jamesshire,4,Rural
Jenniferhaven,8,Rural
Masonberg,9,Rural
